{
  "ask_what_can_u_do": {
    "precision": 0.8,
    "recall": 1.0,
    "f1-score": 0.888888888888889,
    "support": 8,
    "confused_with": {}
  },
  "greet": {
    "precision": 0.8,
    "recall": 0.8,
    "f1-score": 0.8000000000000002,
    "support": 10,
    "confused_with": {
      "query_sentiment": 1,
      "goodbye": 1
    }
  },
  "goodbye": {
    "precision": 0.7272727272727273,
    "recall": 0.6666666666666666,
    "f1-score": 0.6956521739130435,
    "support": 12,
    "confused_with": {
      "out_of_scope": 2,
      "query_sentiment": 1
    }
  },
  "thanks": {
    "precision": 0.8571428571428571,
    "recall": 0.8571428571428571,
    "f1-score": 0.8571428571428571,
    "support": 7,
    "confused_with": {
      "inform": 1
    }
  },
  "query_sentence": {
    "precision": 0.6666666666666666,
    "recall": 0.47058823529411764,
    "f1-score": 0.5517241379310345,
    "support": 17,
    "confused_with": {
      "query_sentiment": 8,
      "out_of_scope": 1
    }
  },
  "out_of_scope": {
    "precision": 0.9649122807017544,
    "recall": 0.9166666666666666,
    "f1-score": 0.9401709401709402,
    "support": 120,
    "confused_with": {
      "query_sentiment": 4,
      "goodbye": 2
    }
  },
  "inform": {
    "precision": 0.6,
    "recall": 0.3333333333333333,
    "f1-score": 0.42857142857142855,
    "support": 9,
    "confused_with": {
      "query_sentiment": 4,
      "query_sentence": 1
    }
  },
  "query_sentiment": {
    "precision": 0.7352941176470589,
    "recall": 0.9259259259259259,
    "f1-score": 0.819672131147541,
    "support": 54,
    "confused_with": {
      "query_sentence": 2,
      "out_of_scope": 1
    }
  },
  "accuracy": 0.8481012658227848,
  "macro avg": {
    "precision": 0.7689110811788831,
    "recall": 0.7462904606286959,
    "f1-score": 0.7477278197207168,
    "support": 237
  },
  "weighted avg": {
    "precision": 0.8496032156023534,
    "recall": 0.8481012658227848,
    "f1-score": 0.8429459843988106,
    "support": 237
  }
}